Workbook

Sheet Übersicht
B1: Unterrichtsfach:
B2: FACH
B5: Schuljahr | C5: 2025/26 | E5: Schuljahr
G6: 1. Halbjahr | O6: 2. Halbjahr
I7: KA | K7: Tests | M7: Mündlich | Q7: KA | S7: Tests | U7: Mündlich
A8: Nr. | B8: Nachname | C8: Vorname | E8: Gesamt | G8: Gesamt | I8: Gesamt | K8: Gesamt | M8: Gesamt | O8: Gesamt | Q8: Gesamt | S8: Gesamt | U8: Gesamt | W8: Information
A9: 1 | B9: =IF(ISBLANK(Einstellungen!C5),"",Einstellungen!C5) | C9: =IF(ISBLANK(Einstellungen!D5),"",Einstellungen!D5) | E9: =IFERROR(AVERAGE(G9,O9),"") | G9: =IFERROR(SUM(IF(Übersicht!I9*Einstellungen!$G$5= "0", "0", Übersicht!I9*Einstellungen!$G$5), IF(Übersicht!K9*Einstellungen!$G$6="0","0", Übersicht!K9*Einstellungen!$G$6), IF(Übersicht!M9*Einstellungen!$G$7="0","0", Übersicht!M9*Einstellungen!$G$7) )/SUM(IF(Übersicht!I9= "0", "0", Einstellungen!$G$5), IF(Übersicht!K9="0","0", Einstellungen!$G$6), IF(Übersicht!M9="0","0", Einstellungen!$G$7)), "") | I9: =KA_1_Halbjahr!E6 -> 0 | K9: =Tests_1_Halbjahr!E6 -> 0 | M9: =Mündlich_1_Halbjahr!E6 -> 0 | O9: =IFERROR(SUM(IF(Übersicht!Q9*Einstellungen!$G$5= "0", "0", Übersicht!Q9*Einstellungen!$G$5), IF(Übersicht!S9*Einstellungen!$G$6="0","0", Übersicht!S9*Einstellungen!$G$6), IF(Übersicht!U9*Einstellungen!$G$7="0","0", Übersicht!U9*Einstellungen!$G$7) )/SUM(IF(Übersicht!Q9= "0", "0", Einstellungen!$G$5), IF(Übersicht!S9="0","0", Einstellungen!$G$6), IF(Übersicht!U9="0","0", Einstellungen!$G$7)), "") | Q9: =KA_2_Halbjahr!E6 -> 0 | S9: =Tests_2_Halbjahr!E6 -> 0 | U9: =Mündlich_2_Halbjahr!E6 -> 0 | W9: Die Halbjahres wird erst berechnet,
A10: 2 | B10: =IF(ISBLANK(Einstellungen!C6),"",Einstellungen!C6) | C10: =IF(ISBLANK(Einstellungen!D6),"",Einstellungen!D6) | E10: =IFERROR(AVERAGE(G10,O10),"") | G10: =IFERROR(SUM(IF(Übersicht!I10*Einstellungen!$G$5= "0", "0", Übersicht!I10*Einstellungen!$G$5), IF(Übersicht!K10*Einstellungen!$G$6="0","0", Übersicht!K10*Einstellungen!$G$6), IF(Übersicht!M10*Einstellungen!$G$7="0","0", Übersicht!M10*Einstellungen!$G$7) )/SUM(IF(Übersicht!I10= "0", "0", Einstellungen!$G$5), IF(Übersicht!K10="0","0", Einstellungen!$G$6), IF(Übersicht!M10="0","0", Einstellungen!$G$7)), "") | I10: =KA_1_Halbjahr!E7 -> 0 | K10: =Tests_1_Halbjahr!E7 -> 0 | M10: =Mündlich_1_Halbjahr!E7 -> 0 | O10: =IFERROR(SUM(IF(Übersicht!Q10*Einstellungen!$G$5= "0", "0", Übersicht!Q10*Einstellungen!$G$5), IF(Übersicht!S10*Einstellungen!$G$6="0","0", Übersicht!S10*Einstellungen!$G$6), IF(Übersicht!U10*Einstellungen!$G$7="0","0", Übersicht!U10*Einstellungen!$G$7) )/SUM(IF(Übersicht!Q10= "0", "0", Einstellungen!$G$5), IF(Übersicht!S10="0","0", Einstellungen!$G$6), IF(Übersicht!U10="0","0", Einstellungen!$G$7)), "") | Q10: =KA_2_Halbjahr!E7 -> 0 | S10: =Tests_2_Halbjahr!E7 -> 0 | U10: =Mündlich_2_Halbjahr!E7 -> 0 | W10: wenn mindestens 1 Note in jeder
A11: 3 | B11: =IF(ISBLANK(Einstellungen!C7),"",Einstellungen!C7) | C11: =IF(ISBLANK(Einstellungen!D7),"",Einstellungen!D7) | E11: =IFERROR(AVERAGE(G11,O11),"") | G11: =IFERROR(SUM(IF(Übersicht!I11*Einstellungen!$G$5= "0", "0", Übersicht!I11*Einstellungen!$G$5), IF(Übersicht!K11*Einstellungen!$G$6="0","0", Übersicht!K11*Einstellungen!$G$6), IF(Übersicht!M11*Einstellungen!$G$7="0","0", Übersicht!M11*Einstellungen!$G$7) )/SUM(IF(Übersicht!I11= "0", "0", Einstellungen!$G$5), IF(Übersicht!K11="0","0", Einstellungen!$G$6), IF(Übersicht!M11="0","0", Einstellungen!$G$7)), "") | I11: =KA_1_Halbjahr!E8 -> 0 | K11: =Tests_1_Halbjahr!E8 -> 0 | M11: =Mündlich_1_Halbjahr!E8 -> 0 | O11: =IFERROR(SUM(IF(Übersicht!Q11*Einstellungen!$G$5= "0", "0", Übersicht!Q11*Einstellungen!$G$5), IF(Übersicht!S11*Einstellungen!$G$6="0","0", Übersicht!S11*Einstellungen!$G$6), IF(Übersicht!U11*Einstellungen!$G$7="0","0", Übersicht!U11*Einstellungen!$G$7) )/SUM(IF(Übersicht!Q11= "0", "0", Einstellungen!$G$5), IF(Übersicht!S11="0","0", Einstellungen!$G$6), IF(Übersicht!U11="0","0", Einstellungen!$G$7)), "") | Q11: =KA_2_Halbjahr!E8 -> 0 | S11: =Tests_2_Halbjahr!E8 -> 0 | U11: =Mündlich_2_Halbjahr!E8 -> 0 | W11: Halbjahreskategorie eingetragen ist.
A12: 4 | B12: =IF(ISBLANK(Einstellungen!C8),"",Einstellungen!C8) | C12: =IF(ISBLANK(Einstellungen!D8),"",Einstellungen!D8) | E12: =IFERROR(AVERAGE(G12,O12),"") | G12: =IFERROR(SUM(IF(Übersicht!I12*Einstellungen!$G$5= "0", "0", Übersicht!I12*Einstellungen!$G$5), IF(Übersicht!K12*Einstellungen!$G$6="0","0", Übersicht!K12*Einstellungen!$G$6), IF(Übersicht!M12*Einstellungen!$G$7="0","0", Übersicht!M12*Einstellungen!$G$7) )/SUM(IF(Übersicht!I12= "0", "0", Einstellungen!$G$5), IF(Übersicht!K12="0","0", Einstellungen!$G$6), IF(Übersicht!M12="0","0", Einstellungen!$G$7)), "") | I12: =KA_1_Halbjahr!E9 -> 0 | K12: =Tests_1_Halbjahr!E9 -> 0 | M12: =Mündlich_1_Halbjahr!E9 -> 0 | O12: =IFERROR(SUM(IF(Übersicht!Q12*Einstellungen!$G$5= "0", "0", Übersicht!Q12*Einstellungen!$G$5), IF(Übersicht!S12*Einstellungen!$G$6="0","0", Übersicht!S12*Einstellungen!$G$6), IF(Übersicht!U12*Einstellungen!$G$7="0","0", Übersicht!U12*Einstellungen!$G$7) )/SUM(IF(Übersicht!Q12= "0", "0", Einstellungen!$G$5), IF(Übersicht!S12="0","0", Einstellungen!$G$6), IF(Übersicht!U12="0","0", Einstellungen!$G$7)), "") | Q12: =KA_2_Halbjahr!E9 -> 0 | S12: =Tests_2_Halbjahr!E9 -> 0 | U12: =Mündlich_2_Halbjahr!E9 -> 0 | W12: PW zum Fach&Jahr ändern: 1234
A13: 5 | B13: =IF(ISBLANK(Einstellungen!C9),"",Einstellungen!C9) | C13: =IF(ISBLANK(Einstellungen!D9),"",Einstellungen!D9) | E13: =IFERROR(AVERAGE(G13,O13),"") | G13: =IFERROR(SUM(IF(Übersicht!I13*Einstellungen!$G$5= "0", "0", Übersicht!I13*Einstellungen!$G$5), IF(Übersicht!K13*Einstellungen!$G$6="0","0", Übersicht!K13*Einstellungen!$G$6), IF(Übersicht!M13*Einstellungen!$G$7="0","0", Übersicht!M13*Einstellungen!$G$7) )/SUM(IF(Übersicht!I13= "0", "0", Einstellungen!$G$5), IF(Übersicht!K13="0","0", Einstellungen!$G$6), IF(Übersicht!M13="0","0", Einstellungen!$G$7)), "") | I13: =KA_1_Halbjahr!E10 -> 0 | K13: =Tests_1_Halbjahr!E10 -> 0 | M13: =Mündlich_1_Halbjahr!E10 -> 0 | O13: =IFERROR(SUM(IF(Übersicht!Q13*Einstellungen!$G$5= "0", "0", Übersicht!Q13*Einstellungen!$G$5), IF(Übersicht!S13*Einstellungen!$G$6="0","0", Übersicht!S13*Einstellungen!$G$6), IF(Übersicht!U13*Einstellungen!$G$7="0","0", Übersicht!U13*Einstellungen!$G$7) )/SUM(IF(Übersicht!Q13= "0", "0", Einstellungen!$G$5), IF(Übersicht!S13="0","0", Einstellungen!$G$6), IF(Übersicht!U13="0","0", Einstellungen!$G$7)), "") | Q13: =KA_2_Halbjahr!E10 -> 0 | S13: =Tests_2_Halbjahr!E10 -> 0 | U13: =Mündlich_2_Halbjahr!E10 -> 0 | W13: Nur gelb binterlegte Felder können geändert werden.
A14: 6 | B14: =IF(ISBLANK(Einstellungen!C10),"",Einstellungen!C10) | C14: =IF(ISBLANK(Einstellungen!D10),"",Einstellungen!D10) | E14: =IFERROR(AVERAGE(G14,O14),"") | G14: =IFERROR(SUM(IF(Übersicht!I14*Einstellungen!$G$5= "0", "0", Übersicht!I14*Einstellungen!$G$5), IF(Übersicht!K14*Einstellungen!$G$6="0","0", Übersicht!K14*Einstellungen!$G$6), IF(Übersicht!M14*Einstellungen!$G$7="0","0", Übersicht!M14*Einstellungen!$G$7) )/SUM(IF(Übersicht!I14= "0", "0", Einstellungen!$G$5), IF(Übersicht!K14="0","0", Einstellungen!$G$6), IF(Übersicht!M14="0","0", Einstellungen!$G$7)), "") | I14: =KA_1_Halbjahr!E11 -> 0 | K14: =Tests_1_Halbjahr!E11 -> 0 | M14: =Mündlich_1_Halbjahr!E11 -> 0 | O14: =IFERROR(SUM(IF(Übersicht!Q14*Einstellungen!$G$5= "0", "0", Übersicht!Q14*Einstellungen!$G$5), IF(Übersicht!S14*Einstellungen!$G$6="0","0", Übersicht!S14*Einstellungen!$G$6), IF(Übersicht!U14*Einstellungen!$G$7="0","0", Übersicht!U14*Einstellungen!$G$7) )/SUM(IF(Übersicht!Q14= "0", "0", Einstellungen!$G$5), IF(Übersicht!S14="0","0", Einstellungen!$G$6), IF(Übersicht!U14="0","0", Einstellungen!$G$7)), "") | Q14: =KA_2_Halbjahr!E11 -> 0 | S14: =Tests_2_Halbjahr!E11 -> 0 | U14: =Mündlich_2_Halbjahr!E11 -> 0
A15: 7 | B15: =IF(ISBLANK(Einstellungen!C11),"",Einstellungen!C11) | C15: =IF(ISBLANK(Einstellungen!D11),"",Einstellungen!D11) | E15: =IFERROR(AVERAGE(G15,O15),"") | G15: =IFERROR(SUM(IF(Übersicht!I15*Einstellungen!$G$5= "0", "0", Übersicht!I15*Einstellungen!$G$5), IF(Übersicht!K15*Einstellungen!$G$6="0","0", Übersicht!K15*Einstellungen!$G$6), IF(Übersicht!M15*Einstellungen!$G$7="0","0", Übersicht!M15*Einstellungen!$G$7) )/SUM(IF(Übersicht!I15= "0", "0", Einstellungen!$G$5), IF(Übersicht!K15="0","0", Einstellungen!$G$6), IF(Übersicht!M15="0","0", Einstellungen!$G$7)), "") | I15: =KA_1_Halbjahr!E12 -> 0 | K15: =Tests_1_Halbjahr!E12 -> 0 | M15: =Mündlich_1_Halbjahr!E12 -> 0 | O15: =IFERROR(SUM(IF(Übersicht!Q15*Einstellungen!$G$5= "0", "0", Übersicht!Q15*Einstellungen!$G$5), IF(Übersicht!S15*Einstellungen!$G$6="0","0", Übersicht!S15*Einstellungen!$G$6), IF(Übersicht!U15*Einstellungen!$G$7="0","0", Übersicht!U15*Einstellungen!$G$7) )/SUM(IF(Übersicht!Q15= "0", "0", Einstellungen!$G$5), IF(Übersicht!S15="0","0", Einstellungen!$G$6), IF(Übersicht!U15="0","0", Einstellungen!$G$7)), "") | Q15: =KA_2_Halbjahr!E12 -> 0 | S15: =Tests_2_Halbjahr!E12 -> 0 | U15: =Mündlich_2_Halbjahr!E12 -> 0
A16: 8 | B16: =IF(ISBLANK(Einstellungen!C12),"",Einstellungen!C12) | C16: =IF(ISBLANK(Einstellungen!D12),"",Einstellungen!D12) | E16: =IFERROR(AVERAGE(G16,O16),"") | G16: =IFERROR(SUM(IF(Übersicht!I16*Einstellungen!$G$5= "0", "0", Übersicht!I16*Einstellungen!$G$5), IF(Übersicht!K16*Einstellungen!$G$6="0","0", Übersicht!K16*Einstellungen!$G$6), IF(Übersicht!M16*Einstellungen!$G$7="0","0", Übersicht!M16*Einstellungen!$G$7) )/SUM(IF(Übersicht!I16= "0", "0", Einstellungen!$G$5), IF(Übersicht!K16="0","0", Einstellungen!$G$6), IF(Übersicht!M16="0","0", Einstellungen!$G$7)), "") | I16: =KA_1_Halbjahr!E13 -> 0 | K16: =Tests_1_Halbjahr!E13 -> 0 | M16: =Mündlich_1_Halbjahr!E13 -> 0 | O16: =IFERROR(SUM(IF(Übersicht!Q16*Einstellungen!$G$5= "0", "0", Übersicht!Q16*Einstellungen!$G$5), IF(Übersicht!S16*Einstellungen!$G$6="0","0", Übersicht!S16*Einstellungen!$G$6), IF(Übersicht!U16*Einstellungen!$G$7="0","0", Übersicht!U16*Einstellungen!$G$7) )/SUM(IF(Übersicht!Q16= "0", "0", Einstellungen!$G$5), IF(Übersicht!S16="0","0", Einstellungen!$G$6), IF(Übersicht!U16="0","0", Einstellungen!$G$7)), "") | Q16: =KA_2_Halbjahr!E13 -> 0 | S16: =Tests_2_Halbjahr!E13 -> 0 | U16: =Mündlich_2_Halbjahr!E13 -> 0
A17: 9 | B17: =IF(ISBLANK(Einstellungen!C13),"",Einstellungen!C13) | C17: =IF(ISBLANK(Einstellungen!D13),"",Einstellungen!D13) | E17: =IFERROR(AVERAGE(G17,O17),"") | G17: =IFERROR(SUM(IF(Übersicht!I17*Einstellungen!$G$5= "0", "0", Übersicht!I17*Einstellungen!$G$5), IF(Übersicht!K17*Einstellungen!$G$6="0","0", Übersicht!K17*Einstellungen!$G$6), IF(Übersicht!M17*Einstellungen!$G$7="0","0", Übersicht!M17*Einstellungen!$G$7) )/SUM(IF(Übersicht!I17= "0", "0", Einstellungen!$G$5), IF(Übersicht!K17="0","0", Einstellungen!$G$6), IF(Übersicht!M17="0","0", Einstellungen!$G$7)), "") | I17: =KA_1_Halbjahr!E14 -> 0 | K17: =Tests_1_Halbjahr!E14 -> 0 | M17: =Mündlich_1_Halbjahr!E14 -> 0 | O17: =IFERROR(SUM(IF(Übersicht!Q17*Einstellungen!$G$5= "0", "0", Übersicht!Q17*Einstellungen!$G$5), IF(Übersicht!S17*Einstellungen!$G$6="0","0", Übersicht!S17*Einstellungen!$G$6), IF(Übersicht!U17*Einstellungen!$G$7="0","0", Übersicht!U17*Einstellungen!$G$7) )/SUM(IF(Übersicht!Q17= "0", "0", Einstellungen!$G$5), IF(Übersicht!S17="0","0", Einstellungen!$G$6), IF(Übersicht!U17="0","0", Einstellungen!$G$7)), "") | Q17: =KA_2_Halbjahr!E14 -> 0 | S17: =Tests_2_Halbjahr!E14 -> 0 | U17: =Mündlich_2_Halbjahr!E14 -> 0
A18: 10 | B18: =IF(ISBLANK(Einstellungen!C14),"",Einstellungen!C14) | C18: =IF(ISBLANK(Einstellungen!D14),"",Einstellungen!D14) | E18: =IFERROR(AVERAGE(G18,O18),"") | G18: =IFERROR(SUM(IF(Übersicht!I18*Einstellungen!$G$5= "0", "0", Übersicht!I18*Einstellungen!$G$5), IF(Übersicht!K18*Einstellungen!$G$6="0","0", Übersicht!K18*Einstellungen!$G$6), IF(Übersicht!M18*Einstellungen!$G$7="0","0", Übersicht!M18*Einstellungen!$G$7) )/SUM(IF(Übersicht!I18= "0", "0", Einstellungen!$G$5), IF(Übersicht!K18="0","0", Einstellungen!$G$6), IF(Übersicht!M18="0","0", Einstellungen!$G$7)), "") | I18: =KA_1_Halbjahr!E15 -> 0 | K18: =Tests_1_Halbjahr!E15 -> 0 | M18: =Mündlich_1_Halbjahr!E15 -> 0 | O18: =IFERROR(SUM(IF(Übersicht!Q18*Einstellungen!$G$5= "0", "0", Übersicht!Q18*Einstellungen!$G$5), IF(Übersicht!S18*Einstellungen!$G$6="0","0", Übersicht!S18*Einstellungen!$G$6), IF(Übersicht!U18*Einstellungen!$G$7="0","0", Übersicht!U18*Einstellungen!$G$7) )/SUM(IF(Übersicht!Q18= "0", "0", Einstellungen!$G$5), IF(Übersicht!S18="0","0", Einstellungen!$G$6), IF(Übersicht!U18="0","0", Einstellungen!$G$7)), "") | Q18: =KA_2_Halbjahr!E15 -> 0 | S18: =Tests_2_Halbjahr!E15 -> 0 | U18: =Mündlich_2_Halbjahr!E15 -> 0
A19: 11 | B19: =IF(ISBLANK(Einstellungen!C15),"",Einstellungen!C15) | C19: =IF(ISBLANK(Einstellungen!D15),"",Einstellungen!D15) | E19: =IFERROR(AVERAGE(G19,O19),"") | G19: =IFERROR(SUM(IF(Übersicht!I19*Einstellungen!$G$5= "0", "0", Übersicht!I19*Einstellungen!$G$5), IF(Übersicht!K19*Einstellungen!$G$6="0","0", Übersicht!K19*Einstellungen!$G$6), IF(Übersicht!M19*Einstellungen!$G$7="0","0", Übersicht!M19*Einstellungen!$G$7) )/SUM(IF(Übersicht!I19= "0", "0", Einstellungen!$G$5), IF(Übersicht!K19="0","0", Einstellungen!$G$6), IF(Übersicht!M19="0","0", Einstellungen!$G$7)), "") | I19: =KA_1_Halbjahr!E16 -> 0 | K19: =Tests_1_Halbjahr!E16 -> 0 | M19: =Mündlich_1_Halbjahr!E16 -> 0 | O19: =IFERROR(SUM(IF(Übersicht!Q19*Einstellungen!$G$5= "0", "0", Übersicht!Q19*Einstellungen!$G$5), IF(Übersicht!S19*Einstellungen!$G$6="0","0", Übersicht!S19*Einstellungen!$G$6), IF(Übersicht!U19*Einstellungen!$G$7="0","0", Übersicht!U19*Einstellungen!$G$7) )/SUM(IF(Übersicht!Q19= "0", "0", Einstellungen!$G$5), IF(Übersicht!S19="0","0", Einstellungen!$G$6), IF(Übersicht!U19="0","0", Einstellungen!$G$7)), "") | Q19: =KA_2_Halbjahr!E16 -> 0 | S19: =Tests_2_Halbjahr!E16 -> 0 | U19: =Mündlich_2_Halbjahr!E16 -> 0
A20: 12 | B20: =IF(ISBLANK(Einstellungen!C16),"",Einstellungen!C16) | C20: =IF(ISBLANK(Einstellungen!D16),"",Einstellungen!D16) | E20: =IFERROR(AVERAGE(G20,O20),"") | G20: =IFERROR(SUM(IF(Übersicht!I20*Einstellungen!$G$5= "0", "0", Übersicht!I20*Einstellungen!$G$5), IF(Übersicht!K20*Einstellungen!$G$6="0","0", Übersicht!K20*Einstellungen!$G$6), IF(Übersicht!M20*Einstellungen!$G$7="0","0", Übersicht!M20*Einstellungen!$G$7) )/SUM(IF(Übersicht!I20= "0", "0", Einstellungen!$G$5), IF(Übersicht!K20="0","0", Einstellungen!$G$6), IF(Übersicht!M20="0","0", Einstellungen!$G$7)), "") | I20: =KA_1_Halbjahr!E17 -> 0 | K20: =Tests_1_Halbjahr!E17 -> 0 | M20: =Mündlich_1_Halbjahr!E17 -> 0 | O20: =IFERROR(SUM(IF(Übersicht!Q20*Einstellungen!$G$5= "0", "0", Übersicht!Q20*Einstellungen!$G$5), IF(Übersicht!S20*Einstellungen!$G$6="0","0", Übersicht!S20*Einstellungen!$G$6), IF(Übersicht!U20*Einstellungen!$G$7="0","0", Übersicht!U20*Einstellungen!$G$7) )/SUM(IF(Übersicht!Q20= "0", "0", Einstellungen!$G$5), IF(Übersicht!S20="0","0", Einstellungen!$G$6), IF(Übersicht!U20="0","0", Einstellungen!$G$7)), "") | Q20: =KA_2_Halbjahr!E17 -> 0 | S20: =Tests_2_Halbjahr!E17 -> 0 | U20: =Mündlich_2_Halbjahr!E17 -> 0
A21: 13 | B21: =IF(ISBLANK(Einstellungen!C17),"",Einstellungen!C17) | C21: =IF(ISBLANK(Einstellungen!D17),"",Einstellungen!D17) | E21: =IFERROR(AVERAGE(G21,O21),"") | G21: =IFERROR(SUM(IF(Übersicht!I21*Einstellungen!$G$5= "0", "0", Übersicht!I21*Einstellungen!$G$5), IF(Übersicht!K21*Einstellungen!$G$6="0","0", Übersicht!K21*Einstellungen!$G$6), IF(Übersicht!M21*Einstellungen!$G$7="0","0", Übersicht!M21*Einstellungen!$G$7) )/SUM(IF(Übersicht!I21= "0", "0", Einstellungen!$G$5), IF(Übersicht!K21="0","0", Einstellungen!$G$6), IF(Übersicht!M21="0","0", Einstellungen!$G$7)), "") | I21: =KA_1_Halbjahr!E18 -> 0 | K21: =Tests_1_Halbjahr!E18 -> 0 | M21: =Mündlich_1_Halbjahr!E18 -> 0 | O21: =IFERROR(SUM(IF(Übersicht!Q21*Einstellungen!$G$5= "0", "0", Übersicht!Q21*Einstellungen!$G$5), IF(Übersicht!S21*Einstellungen!$G$6="0","0", Übersicht!S21*Einstellungen!$G$6), IF(Übersicht!U21*Einstellungen!$G$7="0","0", Übersicht!U21*Einstellungen!$G$7) )/SUM(IF(Übersicht!Q21= "0", "0", Einstellungen!$G$5), IF(Übersicht!S21="0","0", Einstellungen!$G$6), IF(Übersicht!U21="0","0", Einstellungen!$G$7)), "") | Q21: =KA_2_Halbjahr!E18 -> 0 | S21: =Tests_2_Halbjahr!E18 -> 0 | U21: =Mündlich_2_Halbjahr!E18 -> 0
A22: 14 | B22: =IF(ISBLANK(Einstellungen!C18),"",Einstellungen!C18) | C22: =IF(ISBLANK(Einstellungen!D18),"",Einstellungen!D18) | E22: =IFERROR(AVERAGE(G22,O22),"") | G22: =IFERROR(SUM(IF(Übersicht!I22*Einstellungen!$G$5= "0", "0", Übersicht!I22*Einstellungen!$G$5), IF(Übersicht!K22*Einstellungen!$G$6="0","0", Übersicht!K22*Einstellungen!$G$6), IF(Übersicht!M22*Einstellungen!$G$7="0","0", Übersicht!M22*Einstellungen!$G$7) )/SUM(IF(Übersicht!I22= "0", "0", Einstellungen!$G$5), IF(Übersicht!K22="0","0", Einstellungen!$G$6), IF(Übersicht!M22="0","0", Einstellungen!$G$7)), "") | I22: =KA_1_Halbjahr!E19 -> 0 | K22: =Tests_1_Halbjahr!E19 -> 0 | M22: =Mündlich_1_Halbjahr!E19 -> 0 | O22: =IFERROR(SUM(IF(Übersicht!Q22*Einstellungen!$G$5= "0", "0", Übersicht!Q22*Einstellungen!$G$5), IF(Übersicht!S22*Einstellungen!$G$6="0","0", Übersicht!S22*Einstellungen!$G$6), IF(Übersicht!U22*Einstellungen!$G$7="0","0", Übersicht!U22*Einstellungen!$G$7) )/SUM(IF(Übersicht!Q22= "0", "0", Einstellungen!$G$5), IF(Übersicht!S22="0","0", Einstellungen!$G$6), IF(Übersicht!U22="0","0", Einstellungen!$G$7)), "") | Q22: =KA_2_Halbjahr!E19 -> 0 | S22: =Tests_2_Halbjahr!E19 -> 0 | U22: =Mündlich_2_Halbjahr!E19 -> 0
A23: 15 | B23: =IF(ISBLANK(Einstellungen!C19),"",Einstellungen!C19) | C23: =IF(ISBLANK(Einstellungen!D19),"",Einstellungen!D19) | E23: =IFERROR(AVERAGE(G23,O23),"") | G23: =IFERROR(SUM(IF(Übersicht!I23*Einstellungen!$G$5= "0", "0", Übersicht!I23*Einstellungen!$G$5), IF(Übersicht!K23*Einstellungen!$G$6="0","0", Übersicht!K23*Einstellungen!$G$6), IF(Übersicht!M23*Einstellungen!$G$7="0","0", Übersicht!M23*Einstellungen!$G$7) )/SUM(IF(Übersicht!I23= "0", "0", Einstellungen!$G$5), IF(Übersicht!K23="0","0", Einstellungen!$G$6), IF(Übersicht!M23="0","0", Einstellungen!$G$7)), "") | I23: =KA_1_Halbjahr!E20 -> 0 | K23: =Tests_1_Halbjahr!E20 -> 0 | M23: =Mündlich_1_Halbjahr!E20 -> 0 | O23: =IFERROR(SUM(IF(Übersicht!Q23*Einstellungen!$G$5= "0", "0", Übersicht!Q23*Einstellungen!$G$5), IF(Übersicht!S23*Einstellungen!$G$6="0","0", Übersicht!S23*Einstellungen!$G$6), IF(Übersicht!U23*Einstellungen!$G$7="0","0", Übersicht!U23*Einstellungen!$G$7) )/SUM(IF(Übersicht!Q23= "0", "0", Einstellungen!$G$5), IF(Übersicht!S23="0","0", Einstellungen!$G$6), IF(Übersicht!U23="0","0", Einstellungen!$G$7)), "") | Q23: =KA_2_Halbjahr!E20 -> 0 | S23: =Tests_2_Halbjahr!E20 -> 0 | U23: =Mündlich_2_Halbjahr!E20 -> 0
A24: 16 | B24: =IF(ISBLANK(Einstellungen!C20),"",Einstellungen!C20) | C24: =IF(ISBLANK(Einstellungen!D20),"",Einstellungen!D20) | E24: =IFERROR(AVERAGE(G24,O24),"") | G24: =IFERROR(SUM(IF(Übersicht!I24*Einstellungen!$G$5= "0", "0", Übersicht!I24*Einstellungen!$G$5), IF(Übersicht!K24*Einstellungen!$G$6="0","0", Übersicht!K24*Einstellungen!$G$6), IF(Übersicht!M24*Einstellungen!$G$7="0","0", Übersicht!M24*Einstellungen!$G$7) )/SUM(IF(Übersicht!I24= "0", "0", Einstellungen!$G$5), IF(Übersicht!K24="0","0", Einstellungen!$G$6), IF(Übersicht!M24="0","0", Einstellungen!$G$7)), "") | I24: =KA_1_Halbjahr!E21 -> 0 | K24: =Tests_1_Halbjahr!E21 -> 0 | M24: =Mündlich_1_Halbjahr!E21 -> 0 | O24: =IFERROR(SUM(IF(Übersicht!Q24*Einstellungen!$G$5= "0", "0", Übersicht!Q24*Einstellungen!$G$5), IF(Übersicht!S24*Einstellungen!$G$6="0","0", Übersicht!S24*Einstellungen!$G$6), IF(Übersicht!U24*Einstellungen!$G$7="0","0", Übersicht!U24*Einstellungen!$G$7) )/SUM(IF(Übersicht!Q24= "0", "0", Einstellungen!$G$5), IF(Übersicht!S24="0","0", Einstellungen!$G$6), IF(Übersicht!U24="0","0", Einstellungen!$G$7)), "") | Q24: =KA_2_Halbjahr!E21 -> 0 | S24: =Tests_2_Halbjahr!E21 -> 0 | U24: =Mündlich_2_Halbjahr!E21 -> 0
A25: 17 | B25: =IF(ISBLANK(Einstellungen!C21),"",Einstellungen!C21) | C25: =IF(ISBLANK(Einstellungen!D21),"",Einstellungen!D21) | E25: =IFERROR(AVERAGE(G25,O25),"") | G25: =IFERROR(SUM(IF(Übersicht!I25*Einstellungen!$G$5= "0", "0", Übersicht!I25*Einstellungen!$G$5), IF(Übersicht!K25*Einstellungen!$G$6="0","0", Übersicht!K25*Einstellungen!$G$6), IF(Übersicht!M25*Einstellungen!$G$7="0","0", Übersicht!M25*Einstellungen!$G$7) )/SUM(IF(Übersicht!I25= "0", "0", Einstellungen!$G$5), IF(Übersicht!K25="0","0", Einstellungen!$G$6), IF(Übersicht!M25="0","0", Einstellungen!$G$7)), "") | I25: =KA_1_Halbjahr!E22 -> 0 | K25: =Tests_1_Halbjahr!E22 -> 0 | M25: =Mündlich_1_Halbjahr!E22 -> 0 | O25: =IFERROR(SUM(IF(Übersicht!Q25*Einstellungen!$G$5= "0", "0", Übersicht!Q25*Einstellungen!$G$5), IF(Übersicht!S25*Einstellungen!$G$6="0","0", Übersicht!S25*Einstellungen!$G$6), IF(Übersicht!U25*Einstellungen!$G$7="0","0", Übersicht!U25*Einstellungen!$G$7) )/SUM(IF(Übersicht!Q25= "0", "0", Einstellungen!$G$5), IF(Übersicht!S25="0","0", Einstellungen!$G$6), IF(Übersicht!U25="0","0", Einstellungen!$G$7)), "") | Q25: =KA_2_Halbjahr!E22 -> 0 | S25: =Tests_2_Halbjahr!E22 -> 0 | U25: =Mündlich_2_Halbjahr!E22 -> 0
... A43: 35 | B43: =IF(ISBLANK(Einstellungen!C39),"",Einstellungen!C39) | C43: =IF(ISBLANK(Einstellungen!D39),"",Einstellungen!D39) | E43: =IFERROR(AVERAGE(G43,O43),"") | G43: =IFERROR(SUM(IF(Übersicht!I43*Einstellungen!$G$5= "0", "0", Übersicht!I43*Einstellungen!$G$5), IF(Übersicht!K43*Einstellungen!$G$6="0","0", Übersicht!K43*Einstellungen!$G$6), IF(Übersicht!M43*Einstellungen!$G$7="0","0", Übersicht!M43*Einstellungen!$G$7) )/SUM(IF(Übersicht!I43= "0", "0", Einstellungen!$G$5), IF(Übersicht!K43="0","0", Einstellungen!$G$6), IF(Übersicht!M43="0","0", Einstellungen!$G$7)), "") | I43: =KA_1_Halbjahr!E40 -> 0 | K43: =Tests_1_Halbjahr!E40 -> 0 | M43: =Mündlich_1_Halbjahr!E40 -> 0 | O43: =IFERROR(SUM(IF(Übersicht!Q43*Einstellungen!$G$5= "0", "0", Übersicht!Q43*Einstellungen!$G$5), IF(Übersicht!S43*Einstellungen!$G$6="0","0", Übersicht!S43*Einstellungen!$G$6), IF(Übersicht!U43*Einstellungen!$G$7="0","0", Übersicht!U43*Einstellungen!$G$7) )/SUM(IF(Übersicht!Q43= "0", "0", Einstellungen!$G$5), IF(Übersicht!S43="0","0", Einstellungen!$G$6), IF(Übersicht!U43="0","0", Einstellungen!$G$7)), "") | Q43: =KA_2_Halbjahr!E40 -> 0 | S43: =Tests_2_Halbjahr!E40 -> 0 | U43: =Mündlich_2_Halbjahr!E40 -> 0

Sheet KA_1_Halbjahr
B2: Klassenarbeiten
G4: 45953 | I4: Datum | K4: Datum | M4: Datum | O4: Datum
A5: Nr. | B5: Nachname | C5: Vorname | E5: Gesamt | G5: Noten | I5: Noten | K5: Noten | M5: Noten | O5: Noten
A6: 1 | B6: =IF(ISBLANK(Einstellungen!C5),"",Einstellungen!C5) | C6: =IF(ISBLANK(Einstellungen!D5),"",Einstellungen!D5) | E6: =IFERROR(AVERAGE(G6,I6,K6,M6,O6),"0") -> 0
A7: 2 | B7: =IF(ISBLANK(Einstellungen!C6),"",Einstellungen!C6) | C7: =IF(ISBLANK(Einstellungen!D6),"",Einstellungen!D6) | E7: =IFERROR(AVERAGE(G7,I7,K7,M7,O7),"0") -> 0
A8: 3 | B8: =IF(ISBLANK(Einstellungen!C7),"",Einstellungen!C7) | C8: =IF(ISBLANK(Einstellungen!D7),"",Einstellungen!D7) | E8: =IFERROR(AVERAGE(G8,I8,K8,M8,O8),"0") -> 0
A9: 4 | B9: =IF(ISBLANK(Einstellungen!C8),"",Einstellungen!C8) | C9: =IF(ISBLANK(Einstellungen!D8),"",Einstellungen!D8) | E9: =IFERROR(AVERAGE(G9,I9,K9,M9,O9),"0") -> 0
A10: 5 | B10: =IF(ISBLANK(Einstellungen!C9),"",Einstellungen!C9) | C10: =IF(ISBLANK(Einstellungen!D9),"",Einstellungen!D9) | E10: =IFERROR(AVERAGE(G10,I10,K10,M10,O10),"0") -> 0
A11: 6 | B11: =IF(ISBLANK(Einstellungen!C10),"",Einstellungen!C10) | C11: =IF(ISBLANK(Einstellungen!D10),"",Einstellungen!D10) | E11: =IFERROR(AVERAGE(G11,I11,K11,M11,O11),"0") -> 0
A12: 7 | B12: =IF(ISBLANK(Einstellungen!C11),"",Einstellungen!C11) | C12: =IF(ISBLANK(Einstellungen!D11),"",Einstellungen!D11) | E12: =IFERROR(AVERAGE(G12,I12,K12,M12,O12),"0") -> 0
A13: 8 | B13: =IF(ISBLANK(Einstellungen!C12),"",Einstellungen!C12) | C13: =IF(ISBLANK(Einstellungen!D12),"",Einstellungen!D12) | E13: =IFERROR(AVERAGE(G13,I13,K13,M13,O13),"0") -> 0
A14: 9 | B14: =IF(ISBLANK(Einstellungen!C13),"",Einstellungen!C13) | C14: =IF(ISBLANK(Einstellungen!D13),"",Einstellungen!D13) | E14: =IFERROR(AVERAGE(G14,I14,K14,M14,O14),"0") -> 0
A15: 10 | B15: =IF(ISBLANK(Einstellungen!C14),"",Einstellungen!C14) | C15: =IF(ISBLANK(Einstellungen!D14),"",Einstellungen!D14) | E15: =IFERROR(AVERAGE(G15,I15,K15,M15,O15),"0") -> 0
A16: 11 | B16: =IF(ISBLANK(Einstellungen!C15),"",Einstellungen!C15) | C16: =IF(ISBLANK(Einstellungen!D15),"",Einstellungen!D15) | E16: =IFERROR(AVERAGE(G16,I16,K16,M16,O16),"0") -> 0
A17: 12 | B17: =IF(ISBLANK(Einstellungen!C16),"",Einstellungen!C16) | C17: =IF(ISBLANK(Einstellungen!D16),"",Einstellungen!D16) | E17: =IFERROR(AVERAGE(G17,I17,K17,M17,O17),"0") -> 0
... A40: 35 | B40: =IF(ISBLANK(Einstellungen!C39),"",Einstellungen!C39) | C40: =IF(ISBLANK(Einstellungen!D39),"",Einstellungen!D39) | E40: =IFERROR(AVERAGE(G40,I40,K40,M40,O40),"0") -> 0

Sheet Tests_1_Halbjahr
B2: Tests
G4: Datum | I4: Datum | K4: Datum | M4: Datum | O4: Datum | Q4: Datum | S4: Datum | U4: Datum | W4: Datum | Y4: Datum
A5: Nr. | B5: Nachname | C5: Vorname | E5: Gesamt | G5: Noten | I5: Noten | K5: Noten | M5: Noten | O5: Noten | Q5: Noten | S5: Noten | U5: Noten | W5: Noten | Y5: Noten
A6: 1 | B6: =IF(ISBLANK(Einstellungen!C5),"",Einstellungen!C5) | C6: =IF(ISBLANK(Einstellungen!D5),"",Einstellungen!D5) | E6: =IFERROR(AVERAGE(G6,I6,K6,M6,O6, Q6, S6, U6, W6, Y6),"0") -> 0
A7: 2 | B7: =IF(ISBLANK(Einstellungen!C6),"",Einstellungen!C6) | C7: =IF(ISBLANK(Einstellungen!D6),"",Einstellungen!D6) | E7: =IFERROR(AVERAGE(G7,I7,K7,M7,O7, Q7, S7, U7, W7, Y7),"0") -> 0
A8: 3 | B8: =IF(ISBLANK(Einstellungen!C7),"",Einstellungen!C7) | C8: =IF(ISBLANK(Einstellungen!D7),"",Einstellungen!D7) | E8: =IFERROR(AVERAGE(G8,I8,K8,M8,O8, Q8, S8, U8, W8, Y8),"0") -> 0
A9: 4 | B9: =IF(ISBLANK(Einstellungen!C8),"",Einstellungen!C8) | C9: =IF(ISBLANK(Einstellungen!D8),"",Einstellungen!D8) | E9: =IFERROR(AVERAGE(G9,I9,K9,M9,O9, Q9, S9, U9, W9, Y9),"0") -> 0
A10: 5 | B10: =IF(ISBLANK(Einstellungen!C9),"",Einstellungen!C9) | C10: =IF(ISBLANK(Einstellungen!D9),"",Einstellungen!D9) | E10: =IFERROR(AVERAGE(G10,I10,K10,M10,O10, Q10, S10, U10, W10, Y10),"0") -> 0
A11: 6 | B11: =IF(ISBLANK(Einstellungen!C10),"",Einstellungen!C10) | C11: =IF(ISBLANK(Einstellungen!D10),"",Einstellungen!D10) | E11: =IFERROR(AVERAGE(G11,I11,K11,M11,O11, Q11, S11, U11, W11, Y11),"0") -> 0
A12: 7 | B12: =IF(ISBLANK(Einstellungen!C11),"",Einstellungen!C11) | C12: =IF(ISBLANK(Einstellungen!D11),"",Einstellungen!D11) | E12: =IFERROR(AVERAGE(G12,I12,K12,M12,O12, Q12, S12, U12, W12, Y12),"0") -> 0
A13: 8 | B13: =IF(ISBLANK(Einstellungen!C12),"",Einstellungen!C12) | C13: =IF(ISBLANK(Einstellungen!D12),"",Einstellungen!D12) | E13: =IFERROR(AVERAGE(G13,I13,K13,M13,O13, Q13, S13, U13, W13, Y13),"0") -> 0
A14: 9 | B14: =IF(ISBLANK(Einstellungen!C13),"",Einstellungen!C13) | C14: =IF(ISBLANK(Einstellungen!D13),"",Einstellungen!D13) | E14: =IFERROR(AVERAGE(G14,I14,K14,M14,O14, Q14, S14, U14, W14, Y14),"0") -> 0
A15: 10 | B15: =IF(ISBLANK(Einstellungen!C14),"",Einstellungen!C14) | C15: =IF(ISBLANK(Einstellungen!D14),"",Einstellungen!D14) | E15: =IFERROR(AVERAGE(G15,I15,K15,M15,O15, Q15, S15, U15, W15, Y15),"0") -> 0
A16: 11 | B16: =IF(ISBLANK(Einstellungen!C15),"",Einstellungen!C15) | C16: =IF(ISBLANK(Einstellungen!D15),"",Einstellungen!D15) | E16: =IFERROR(AVERAGE(G16,I16,K16,M16,O16, Q16, S16, U16, W16, Y16),"0") -> 0
A17: 12 | B17: =IF(ISBLANK(Einstellungen!C16),"",Einstellungen!C16) | C17: =IF(ISBLANK(Einstellungen!D16),"",Einstellungen!D16) | E17: =IFERROR(AVERAGE(G17,I17,K17,M17,O17, Q17, S17, U17, W17, Y17),"0") -> 0
... A40: 35 | B40: =IF(ISBLANK(Einstellungen!C39),"",Einstellungen!C39) | C40: =IF(ISBLANK(Einstellungen!D39),"",Einstellungen!D39) | E40: =IFERROR(AVERAGE(G40,I40,K40,M40,O40, Q40, S40, U40, W40, Y40),"0") -> 0

Sheet Mündlich_1_Halbjahr
B2: Mündlich
G4: September | I4: Oktober | K4: Datum | M4: Datum | O4: Datum | Q4: Datum | S4: Datum | U4: Datum | W4: Datum | Y4: Datum | AA4: Datum | AC4: Datum | AE4: Datum | AG4: Datum | AI4: Datum | AK4: Datum | AM4: Datum | AO4: Datum | AQ4: Datum | AS4: Datum | AU4: Datum | AW4: Datum | AY4: Datum | BA4: Datum | BC4: Datum
A5: Nr. | B5: Nachname | C5: Vorname | E5: Gesamt | G5: Noten | I5: Noten | K5: Noten | M5: Noten | O5: Noten | Q5: Noten | S5: Noten | U5: Noten | W5: Noten | Y5: Noten | AA5: Noten | AC5: Noten | AE5: Noten | AG5: Noten | AI5: Noten | AK5: Noten | AM5: Noten | AO5: Noten | AQ5: Noten | AS5: Noten | AU5: Noten | AW5: Noten | AY5: Noten | BA5: Noten | BC5: Noten
A6: 1 | B6: =IF(ISBLANK(Einstellungen!C5),"",Einstellungen!C5) | C6: =IF(ISBLANK(Einstellungen!D5),"",Einstellungen!D5) | E6: =IFERROR(AVERAGE(G6,I6,K6,M6, O6, Q6, S6, U6, W6, Y6, AA6, AC6, AE6, AG6, AI6, AK6, AM6, AO6, AQ6, AS6, AU6, AW6, AY6, BA6, BC6),"0") -> 0
A7: 2 | B7: =IF(ISBLANK(Einstellungen!C6),"",Einstellungen!C6) | C7: =IF(ISBLANK(Einstellungen!D6),"",Einstellungen!D6) | E7: =IFERROR(AVERAGE(G7,I7,K7,M7, O7, Q7, S7, U7, W7, Y7, AA7, AC7, AE7, AG7, AI7, AK7, AM7, AO7, AQ7, AS7, AU7, AW7, AY7, BA7, BC7),"0") -> 0
A8: 3 | B8: =IF(ISBLANK(Einstellungen!C7),"",Einstellungen!C7) | C8: =IF(ISBLANK(Einstellungen!D7),"",Einstellungen!D7) | E8: =IFERROR(AVERAGE(G8,I8,K8,M8, O8, Q8, S8, U8, W8, Y8, AA8, AC8, AE8, AG8, AI8, AK8, AM8, AO8, AQ8, AS8, AU8, AW8, AY8, BA8, BC8),"0") -> 0
A9: 4 | B9: =IF(ISBLANK(Einstellungen!C8),"",Einstellungen!C8) | C9: =IF(ISBLANK(Einstellungen!D8),"",Einstellungen!D8) | E9: =IFERROR(AVERAGE(G9,I9,K9,M9, O9, Q9, S9, U9, W9, Y9, AA9, AC9, AE9, AG9, AI9, AK9, AM9, AO9, AQ9, AS9, AU9, AW9, AY9, BA9, BC9),"0") -> 0
A10: 5 | B10: =IF(ISBLANK(Einstellungen!C9),"",Einstellungen!C9) | C10: =IF(ISBLANK(Einstellungen!D9),"",Einstellungen!D9) | E10: =IFERROR(AVERAGE(G10,I10,K10,M10, O10, Q10, S10, U10, W10, Y10, AA10, AC10, AE10, AG10, AI10, AK10, AM10, AO10, AQ10, AS10, AU10, AW10, AY10, BA10, BC10),"0") -> 0
A11: 6 | B11: =IF(ISBLANK(Einstellungen!C10),"",Einstellungen!C10) | C11: =IF(ISBLANK(Einstellungen!D10),"",Einstellungen!D10) | E11: =IFERROR(AVERAGE(G11,I11,K11,M11, O11, Q11, S11, U11, W11, Y11, AA11, AC11, AE11, AG11, AI11, AK11, AM11, AO11, AQ11, AS11, AU11, AW11, AY11, BA11, BC11),"0") -> 0
A12: 7 | B12: =IF(ISBLANK(Einstellungen!C11),"",Einstellungen!C11) | C12: =IF(ISBLANK(Einstellungen!D11),"",Einstellungen!D11) | E12: =IFERROR(AVERAGE(G12,I12,K12,M12, O12, Q12, S12, U12, W12, Y12, AA12, AC12, AE12, AG12, AI12, AK12, AM12, AO12, AQ12, AS12, AU12, AW12, AY12, BA12, BC12),"0") -> 0
A13: 8 | B13: =IF(ISBLANK(Einstellungen!C12),"",Einstellungen!C12) | C13: =IF(ISBLANK(Einstellungen!D12),"",Einstellungen!D12) | E13: =IFERROR(AVERAGE(G13,I13,K13,M13, O13, Q13, S13, U13, W13, Y13, AA13, AC13, AE13, AG13, AI13, AK13, AM13, AO13, AQ13, AS13, AU13, AW13, AY13, BA13, BC13),"0") -> 0
A14: 9 | B14: =IF(ISBLANK(Einstellungen!C13),"",Einstellungen!C13) | C14: =IF(ISBLANK(Einstellungen!D13),"",Einstellungen!D13) | E14: =IFERROR(AVERAGE(G14,I14,K14,M14, O14, Q14, S14, U14, W14, Y14, AA14, AC14, AE14, AG14, AI14, AK14, AM14, AO14, AQ14, AS14, AU14, AW14, AY14, BA14, BC14),"0") -> 0
A15: 10 | B15: =IF(ISBLANK(Einstellungen!C14),"",Einstellungen!C14) | C15: =IF(ISBLANK(Einstellungen!D14),"",Einstellungen!D14) | E15: =IFERROR(AVERAGE(G15,I15,K15,M15, O15, Q15, S15, U15, W15, Y15, AA15, AC15, AE15, AG15, AI15, AK15, AM15, AO15, AQ15, AS15, AU15, AW15, AY15, BA15, BC15),"0") -> 0
A16: 11 | B16: =IF(ISBLANK(Einstellungen!C15),"",Einstellungen!C15) | C16: =IF(ISBLANK(Einstellungen!D15),"",Einstellungen!D15) | E16: =IFERROR(AVERAGE(G16,I16,K16,M16, O16, Q16, S16, U16, W16, Y16, AA16, AC16, AE16, AG16, AI16, AK16, AM16, AO16, AQ16, AS16, AU16, AW16, AY16, BA16, BC16),"0") -> 0
A17: 12 | B17: =IF(ISBLANK(Einstellungen!C16),"",Einstellungen!C16) | C17: =IF(ISBLANK(Einstellungen!D16),"",Einstellungen!D16) | E17: =IFERROR(AVERAGE(G17,I17,K17,M17, O17, Q17, S17, U17, W17, Y17, AA17, AC17, AE17, AG17, AI17, AK17, AM17, AO17, AQ17, AS17, AU17, AW17, AY17, BA17, BC17),"0") -> 0
... A40: 35 | B40: =IF(ISBLANK(Einstellungen!C39),"",Einstellungen!C39) | C40: =IF(ISBLANK(Einstellungen!D39),"",Einstellungen!D39) | E40: =IFERROR(AVERAGE(G40,I40,K40,M40, O40, Q40, S40, U40, W40, Y40, AA40, AC40, AE40, AG40, AI40, AK40, AM40, AO40, AQ40, AS40, AU40, AW40, AY40, BA40, BC40),"0") -> 0

Sheet KA_2_Halbjahr
B2: Klassenarbeiten
G4: Datum | I4: Datum | K4: Datum | M4: Datum | O4: Datum
A5: Nr. | B5: Nachname | C5: Vorname | E5: Gesamt | G5: Noten | I5: Noten | K5: Noten | M5: Noten | O5: Noten
A6: 1 | B6: =IF(ISBLANK(Einstellungen!C5),"",Einstellungen!C5) | C6: =IF(ISBLANK(Einstellungen!D5),"",Einstellungen!D5) | E6: =IFERROR(AVERAGE(G6,I6,K6,M6,O6),"0") -> 0
A7: 2 | B7: =IF(ISBLANK(Einstellungen!C6),"",Einstellungen!C6) | C7: =IF(ISBLANK(Einstellungen!D6),"",Einstellungen!D6) | E7: =IFERROR(AVERAGE(G7,I7,K7,M7,O7),"0") -> 0
A8: 3 | B8: =IF(ISBLANK(Einstellungen!C7),"",Einstellungen!C7) | C8: =IF(ISBLANK(Einstellungen!D7),"",Einstellungen!D7) | E8: =IFERROR(AVERAGE(G8,I8,K8,M8,O8),"0") -> 0
A9: 4 | B9: =IF(ISBLANK(Einstellungen!C8),"",Einstellungen!C8) | C9: =IF(ISBLANK(Einstellungen!D8),"",Einstellungen!D8) | E9: =IFERROR(AVERAGE(G9,I9,K9,M9,O9),"0") -> 0
A10: 5 | B10: =IF(ISBLANK(Einstellungen!C9),"",Einstellungen!C9) | C10: =IF(ISBLANK(Einstellungen!D9),"",Einstellungen!D9) | E10: =IFERROR(AVERAGE(G10,I10,K10,M10,O10),"0") -> 0
A11: 6 | B11: =IF(ISBLANK(Einstellungen!C10),"",Einstellungen!C10) | C11: =IF(ISBLANK(Einstellungen!D10),"",Einstellungen!D10) | E11: =IFERROR(AVERAGE(G11,I11,K11,M11,O11),"0") -> 0
A12: 7 | B12: =IF(ISBLANK(Einstellungen!C11),"",Einstellungen!C11) | C12: =IF(ISBLANK(Einstellungen!D11),"",Einstellungen!D11) | E12: =IFERROR(AVERAGE(G12,I12,K12,M12,O12),"0") -> 0
A13: 8 | B13: =IF(ISBLANK(Einstellungen!C12),"",Einstellungen!C12) | C13: =IF(ISBLANK(Einstellungen!D12),"",Einstellungen!D12) | E13: =IFERROR(AVERAGE(G13,I13,K13,M13,O13),"0") -> 0
A14: 9 | B14: =IF(ISBLANK(Einstellungen!C13),"",Einstellungen!C13) | C14: =IF(ISBLANK(Einstellungen!D13),"",Einstellungen!D13) | E14: =IFERROR(AVERAGE(G14,I14,K14,M14,O14),"0") -> 0
A15: 10 | B15: =IF(ISBLANK(Einstellungen!C14),"",Einstellungen!C14) | C15: =IF(ISBLANK(Einstellungen!D14),"",Einstellungen!D14) | E15: =IFERROR(AVERAGE(G15,I15,K15,M15,O15),"0") -> 0
A16: 11 | B16: =IF(ISBLANK(Einstellungen!C15),"",Einstellungen!C15) | C16: =IF(ISBLANK(Einstellungen!D15),"",Einstellungen!D15) | E16: =IFERROR(AVERAGE(G16,I16,K16,M16,O16),"0") -> 0
A17: 12 | B17: =IF(ISBLANK(Einstellungen!C16),"",Einstellungen!C16) | C17: =IF(ISBLANK(Einstellungen!D16),"",Einstellungen!D16) | E17: =IFERROR(AVERAGE(G17,I17,K17,M17,O17),"0") -> 0
... A40: 35 | B40: =IF(ISBLANK(Einstellungen!C39),"",Einstellungen!C39) | C40: =IF(ISBLANK(Einstellungen!D39),"",Einstellungen!D39) | E40: =IFERROR(AVERAGE(G40,I40,K40,M40,O40),"0") -> 0

Sheet Tests_2_Halbjahr
B2: Tests
G4: Datum | I4: Datum | K4: Datum | M4: Datum | O4: Datum | Q4: Datum | S4: Datum | U4: Datum | W4: Datum | Y4: Datum
A5: Nr. | B5: Nachname | C5: Vorname | E5: Gesamt | G5: Noten | I5: Noten | K5: Noten | M5: Noten | O5: Noten | Q5: Noten | S5: Noten | U5: Noten | W5: Noten | Y5: Noten
A6: 1 | B6: =IF(ISBLANK(Einstellungen!C5),"",Einstellungen!C5) | C6: =IF(ISBLANK(Einstellungen!D5),"",Einstellungen!D5) | E6: =IFERROR(AVERAGE(G6,I6,K6,M6,O6, Q6, S6, U6, W6, Y6),"0") -> 0
A7: 2 | B7: =IF(ISBLANK(Einstellungen!C6),"",Einstellungen!C6) | C7: =IF(ISBLANK(Einstellungen!D6),"",Einstellungen!D6) | E7: =IFERROR(AVERAGE(G7,I7,K7,M7,O7, Q7, S7, U7, W7, Y7),"0") -> 0
A8: 3 | B8: =IF(ISBLANK(Einstellungen!C7),"",Einstellungen!C7) | C8: =IF(ISBLANK(Einstellungen!D7),"",Einstellungen!D7) | E8: =IFERROR(AVERAGE(G8,I8,K8,M8,O8, Q8, S8, U8, W8, Y8),"0") -> 0
A9: 4 | B9: =IF(ISBLANK(Einstellungen!C8),"",Einstellungen!C8) | C9: =IF(ISBLANK(Einstellungen!D8),"",Einstellungen!D8) | E9: =IFERROR(AVERAGE(G9,I9,K9,M9,O9, Q9, S9, U9, W9, Y9),"0") -> 0
A10: 5 | B10: =IF(ISBLANK(Einstellungen!C9),"",Einstellungen!C9) | C10: =IF(ISBLANK(Einstellungen!D9),"",Einstellungen!D9) | E10: =IFERROR(AVERAGE(G10,I10,K10,M10,O10, Q10, S10, U10, W10, Y10),"0") -> 0
A11: 6 | B11: =IF(ISBLANK(Einstellungen!C10),"",Einstellungen!C10) | C11: =IF(ISBLANK(Einstellungen!D10),"",Einstellungen!D10) | E11: =IFERROR(AVERAGE(G11,I11,K11,M11,O11, Q11, S11, U11, W11, Y11),"0") -> 0
A12: 7 | B12: =IF(ISBLANK(Einstellungen!C11),"",Einstellungen!C11) | C12: =IF(ISBLANK(Einstellungen!D11),"",Einstellungen!D11) | E12: =IFERROR(AVERAGE(G12,I12,K12,M12,O12, Q12, S12, U12, W12, Y12),"0") -> 0
A13: 8 | B13: =IF(ISBLANK(Einstellungen!C12),"",Einstellungen!C12) | C13: =IF(ISBLANK(Einstellungen!D12),"",Einstellungen!D12) | E13: =IFERROR(AVERAGE(G13,I13,K13,M13,O13, Q13, S13, U13, W13, Y13),"0") -> 0
A14: 9 | B14: =IF(ISBLANK(Einstellungen!C13),"",Einstellungen!C13) | C14: =IF(ISBLANK(Einstellungen!D13),"",Einstellungen!D13) | E14: =IFERROR(AVERAGE(G14,I14,K14,M14,O14, Q14, S14, U14, W14, Y14),"0") -> 0
A15: 10 | B15: =IF(ISBLANK(Einstellungen!C14),"",Einstellungen!C14) | C15: =IF(ISBLANK(Einstellungen!D14),"",Einstellungen!D14) | E15: =IFERROR(AVERAGE(G15,I15,K15,M15,O15, Q15, S15, U15, W15, Y15),"0") -> 0
A16: 11 | B16: =IF(ISBLANK(Einstellungen!C15),"",Einstellungen!C15) | C16: =IF(ISBLANK(Einstellungen!D15),"",Einstellungen!D15) | E16: =IFERROR(AVERAGE(G16,I16,K16,M16,O16, Q16, S16, U16, W16, Y16),"0") -> 0
A17: 12 | B17: =IF(ISBLANK(Einstellungen!C16),"",Einstellungen!C16) | C17: =IF(ISBLANK(Einstellungen!D16),"",Einstellungen!D16) | E17: =IFERROR(AVERAGE(G17,I17,K17,M17,O17, Q17, S17, U17, W17, Y17),"0") -> 0
... A40: 35 | B40: =IF(ISBLANK(Einstellungen!C39),"",Einstellungen!C39) | C40: =IF(ISBLANK(Einstellungen!D39),"",Einstellungen!D39) | E40: =IFERROR(AVERAGE(G40,I40,K40,M40,O40, Q40, S40, U40, W40, Y40),"0") -> 0

Sheet Mündlich_2_Halbjahr
B2: Mündlich
G4: Datum | I4: Datum | K4: Datum | M4: Datum | O4: Datum | Q4: Datum | S4: Datum | U4: Datum | W4: Datum | Y4: Datum | AA4: Datum | AC4: Datum | AE4: Datum | AG4: Datum | AI4: Datum | AK4: Datum | AM4: Datum | AO4: Datum | AQ4: Datum | AS4: Datum | AU4: Datum | AW4: Datum | AY4: Datum | BA4: Datum | BC4: Datum
A5: Nr. | B5: Nachname | C5: Vorname | E5: Gesamt | G5: Noten | I5: Noten | K5: Noten | M5: Noten | O5: Noten | Q5: Noten | S5: Noten | U5: Noten | W5: Noten | Y5: Noten | AA5: Noten | AC5: Noten | AE5: Noten | AG5: Noten | AI5: Noten | AK5: Noten | AM5: Noten | AO5: Noten | AQ5: Noten | AS5: Noten | AU5: Noten | AW5: Noten | AY5: Noten | BA5: Noten | BC5: Noten
A6: 1 | B6: =IF(ISBLANK(Einstellungen!C5),"",Einstellungen!C5) | C6: =IF(ISBLANK(Einstellungen!D5),"",Einstellungen!D5) | E6: =IFERROR(AVERAGE(G6,I6,K6,M6, O6, Q6, S6, U6, W6, Y6, AA6, AC6, AE6, AG6, AI6, AK6, AM6, AO6, AQ6, AS6, AU6, AW6, AY6, BA6, BC6),"0") -> 0
A7: 2 | B7: =IF(ISBLANK(Einstellungen!C6),"",Einstellungen!C6) | C7: =IF(ISBLANK(Einstellungen!D6),"",Einstellungen!D6) | E7: =IFERROR(AVERAGE(G7,I7,K7,M7, O7, Q7, S7, U7, W7, Y7, AA7, AC7, AE7, AG7, AI7, AK7, AM7, AO7, AQ7, AS7, AU7, AW7, AY7, BA7, BC7),"0") -> 0
A8: 3 | B8: =IF(ISBLANK(Einstellungen!C7),"",Einstellungen!C7) | C8: =IF(ISBLANK(Einstellungen!D7),"",Einstellungen!D7) | E8: =IFERROR(AVERAGE(G8,I8,K8,M8, O8, Q8, S8, U8, W8, Y8, AA8, AC8, AE8, AG8, AI8, AK8, AM8, AO8, AQ8, AS8, AU8, AW8, AY8, BA8, BC8),"0") -> 0
A9: 4 | B9: =IF(ISBLANK(Einstellungen!C8),"",Einstellungen!C8) | C9: =IF(ISBLANK(Einstellungen!D8),"",Einstellungen!D8) | E9: =IFERROR(AVERAGE(G9,I9,K9,M9, O9, Q9, S9, U9, W9, Y9, AA9, AC9, AE9, AG9, AI9, AK9, AM9, AO9, AQ9, AS9, AU9, AW9, AY9, BA9, BC9),"0") -> 0
A10: 5 | B10: =IF(ISBLANK(Einstellungen!C9),"",Einstellungen!C9) | C10: =IF(ISBLANK(Einstellungen!D9),"",Einstellungen!D9) | E10: =IFERROR(AVERAGE(G10,I10,K10,M10, O10, Q10, S10, U10, W10, Y10, AA10, AC10, AE10, AG10, AI10, AK10, AM10, AO10, AQ10, AS10, AU10, AW10, AY10, BA10, BC10),"0") -> 0
A11: 6 | B11: =IF(ISBLANK(Einstellungen!C10),"",Einstellungen!C10) | C11: =IF(ISBLANK(Einstellungen!D10),"",Einstellungen!D10) | E11: =IFERROR(AVERAGE(G11,I11,K11,M11, O11, Q11, S11, U11, W11, Y11, AA11, AC11, AE11, AG11, AI11, AK11, AM11, AO11, AQ11, AS11, AU11, AW11, AY11, BA11, BC11),"0") -> 0
A12: 7 | B12: =IF(ISBLANK(Einstellungen!C11),"",Einstellungen!C11) | C12: =IF(ISBLANK(Einstellungen!D11),"",Einstellungen!D11) | E12: =IFERROR(AVERAGE(G12,I12,K12,M12, O12, Q12, S12, U12, W12, Y12, AA12, AC12, AE12, AG12, AI12, AK12, AM12, AO12, AQ12, AS12, AU12, AW12, AY12, BA12, BC12),"0") -> 0
A13: 8 | B13: =IF(ISBLANK(Einstellungen!C12),"",Einstellungen!C12) | C13: =IF(ISBLANK(Einstellungen!D12),"",Einstellungen!D12) | E13: =IFERROR(AVERAGE(G13,I13,K13,M13, O13, Q13, S13, U13, W13, Y13, AA13, AC13, AE13, AG13, AI13, AK13, AM13, AO13, AQ13, AS13, AU13, AW13, AY13, BA13, BC13),"0") -> 0
A14: 9 | B14: =IF(ISBLANK(Einstellungen!C13),"",Einstellungen!C13) | C14: =IF(ISBLANK(Einstellungen!D13),"",Einstellungen!D13) | E14: =IFERROR(AVERAGE(G14,I14,K14,M14, O14, Q14, S14, U14, W14, Y14, AA14, AC14, AE14, AG14, AI14, AK14, AM14, AO14, AQ14, AS14, AU14, AW14, AY14, BA14, BC14),"0") -> 0
A15: 10 | B15: =IF(ISBLANK(Einstellungen!C14),"",Einstellungen!C14) | C15: =IF(ISBLANK(Einstellungen!D14),"",Einstellungen!D14) | E15: =IFERROR(AVERAGE(G15,I15,K15,M15, O15, Q15, S15, U15, W15, Y15, AA15, AC15, AE15, AG15, AI15, AK15, AM15, AO15, AQ15, AS15, AU15, AW15, AY15, BA15, BC15),"0") -> 0
A16: 11 | B16: =IF(ISBLANK(Einstellungen!C15),"",Einstellungen!C15) | C16: =IF(ISBLANK(Einstellungen!D15),"",Einstellungen!D15) | E16: =IFERROR(AVERAGE(G16,I16,K16,M16, O16, Q16, S16, U16, W16, Y16, AA16, AC16, AE16, AG16, AI16, AK16, AM16, AO16, AQ16, AS16, AU16, AW16, AY16, BA16, BC16),"0") -> 0
A17: 12 | B17: =IF(ISBLANK(Einstellungen!C16),"",Einstellungen!C16) | C17: =IF(ISBLANK(Einstellungen!D16),"",Einstellungen!D16) | E17: =IFERROR(AVERAGE(G17,I17,K17,M17, O17, Q17, S17, U17, W17, Y17, AA17, AC17, AE17, AG17, AI17, AK17, AM17, AO17, AQ17, AS17, AU17, AW17, AY17, BA17, BC17),"0") -> 0
... A40: 35 | B40: =IF(ISBLANK(Einstellungen!C39),"",Einstellungen!C39) | C40: =IF(ISBLANK(Einstellungen!D39),"",Einstellungen!D39) | E40: =IFERROR(AVERAGE(G40,I40,K40,M40, O40, Q40, S40, U40, W40, Y40, AA40, AC40, AE40, AG40, AI40, AK40, AM40, AO40, AQ40, AS40, AU40, AW40, AY40, BA40, BC40),"0") -> 0

Sheet Fehlende_Abgaben
B2: Fehlende Abgaben
A5: Nr. | B5: Nachname | C5: Vorname | E5: Hausaufgabenstriche | F5: Schulfest | G5: Ausflüge | H5: Sonstiges | I5: Sonstiges | J5: Sonstiges
A6: 1 | B6: =IF(ISBLANK(Einstellungen!C5),"",Einstellungen!C5) | C6: =IF(ISBLANK(Einstellungen!D5),"",Einstellungen!D5)
A7: 2 | B7: =IF(ISBLANK(Einstellungen!C6),"",Einstellungen!C6) | C7: =IF(ISBLANK(Einstellungen!D6),"",Einstellungen!D6)
A8: 3 | B8: =IF(ISBLANK(Einstellungen!C7),"",Einstellungen!C7) | C8: =IF(ISBLANK(Einstellungen!D7),"",Einstellungen!D7)
A9: 4 | B9: =IF(ISBLANK(Einstellungen!C8),"",Einstellungen!C8) | C9: =IF(ISBLANK(Einstellungen!D8),"",Einstellungen!D8)
A10: 5 | B10: =IF(ISBLANK(Einstellungen!C9),"",Einstellungen!C9) | C10: =IF(ISBLANK(Einstellungen!D9),"",Einstellungen!D9)
A11: 6 | B11: =IF(ISBLANK(Einstellungen!C10),"",Einstellungen!C10) | C11: =IF(ISBLANK(Einstellungen!D10),"",Einstellungen!D10)
A12: 7 | B12: =IF(ISBLANK(Einstellungen!C11),"",Einstellungen!C11) | C12: =IF(ISBLANK(Einstellungen!D11),"",Einstellungen!D11)
A13: 8 | B13: =IF(ISBLANK(Einstellungen!C12),"",Einstellungen!C12) | C13: =IF(ISBLANK(Einstellungen!D12),"",Einstellungen!D12)
A14: 9 | B14: =IF(ISBLANK(Einstellungen!C13),"",Einstellungen!C13) | C14: =IF(ISBLANK(Einstellungen!D13),"",Einstellungen!D13)
A15: 10 | B15: =IF(ISBLANK(Einstellungen!C14),"",Einstellungen!C14) | C15: =IF(ISBLANK(Einstellungen!D14),"",Einstellungen!D14)
A16: 11 | B16: =IF(ISBLANK(Einstellungen!C15),"",Einstellungen!C15) | C16: =IF(ISBLANK(Einstellungen!D15),"",Einstellungen!D15)
A17: 12 | B17: =IF(ISBLANK(Einstellungen!C16),"",Einstellungen!C16) | C17: =IF(ISBLANK(Einstellungen!D16),"",Einstellungen!D16)
... A40: 35 | B40: =IF(ISBLANK(Einstellungen!C39),"",Einstellungen!C39) | C40: =IF(ISBLANK(Einstellungen!D39),"",Einstellungen!D39)

Sheet Einstellungen
B2: Schülerliste | F2: Gewichtung
B4: Nr. | C4: Nachname | D4: Vorname | F4: Art | G4: Wert
B5: 1 | F5: KA | G5: 3
B6: 2 | F6: Test | G6: 1
B7: 3 | F7: Mündlich | G7: 2
B8: 4
B9: 5
B10: 6
B11: 7
B12: 8
B13: 9
B14: 10
B15: 11
B16: 12
B17: 13
B18: 14
B19: 15
... B39: 35
